               epoch,      train/box_loss,      train/obj_loss,      train/cls_loss,   metrics/precision,      metrics/recall,     metrics/mAP_0.5,metrics/mAP_0.5:0.95,        val/box_loss,        val/obj_loss,        val/cls_loss,               x/lr0,               x/lr1,               x/lr2
                   0,            0.098832,            0.022347,                   0,            0.034295,            0.066667,           0.0084829,            0.001417,            0.090798,            0.012063,                   0,            0.001559,            0.001559,              0.0272
                   1,            0.071218,            0.026093,                   0,              0.1013,             0.12991,            0.037491,           0.0088554,            0.086587,            0.011358,                   0,            0.003159,            0.003159,              0.0038
                   2,            0.057443,             0.02376,                   0,             0.22542,               0.294,             0.14063,            0.044588,            0.071255,            0.011121,                   0,           0.0031999,           0.0031999,           0.0031999
                   3,            0.049888,             0.02128,                   0,             0.27916,             0.18462,             0.13213,            0.052103,             0.08336,            0.012428,                   0,           0.0031995,           0.0031995,           0.0031995
                   4,            0.046197,            0.019981,                   0,             0.54724,             0.41322,             0.44229,             0.19751,            0.054987,            0.010144,                   0,           0.0031989,           0.0031989,           0.0031989
                   5,            0.042613,            0.018874,                   0,             0.70248,             0.43077,              0.5157,             0.25641,            0.051317,           0.0096816,                   0,           0.0031981,           0.0031981,           0.0031981
                   6,            0.040478,            0.018198,                   0,             0.61976,             0.53846,             0.54615,             0.26234,            0.047568,           0.0095819,                   0,            0.003197,            0.003197,            0.003197
                   7,            0.039278,            0.017476,                   0,             0.62121,             0.53504,             0.56672,             0.26481,            0.048723,           0.0089866,                   0,           0.0031956,           0.0031956,           0.0031956
                   8,            0.038119,             0.01706,                   0,             0.64565,             0.58291,             0.61915,             0.32397,            0.045457,            0.008678,                   0,            0.003194,            0.003194,            0.003194
                   9,            0.037029,            0.017153,                   0,             0.62628,             0.57949,             0.60394,             0.30423,            0.045741,            0.009278,                   0,           0.0031922,           0.0031922,           0.0031922
                  10,             0.03578,            0.016689,                   0,             0.66095,             0.61315,             0.65593,             0.33826,            0.044582,           0.0084204,                   0,           0.0031901,           0.0031901,           0.0031901
                  11,            0.035609,            0.016174,                   0,             0.71635,             0.59658,             0.66971,             0.35484,            0.044021,           0.0083056,                   0,           0.0031878,           0.0031878,           0.0031878
                  12,            0.034152,            0.015775,                   0,             0.77631,             0.62885,             0.70138,             0.37077,            0.042452,           0.0083447,                   0,           0.0031853,           0.0031853,           0.0031853
                  13,            0.033951,            0.015528,                   0,             0.69819,             0.62564,             0.68337,               0.354,            0.042466,           0.0084757,                   0,           0.0031824,           0.0031824,           0.0031824
                  14,            0.033466,            0.015336,                   0,             0.72592,             0.66154,             0.71089,             0.36768,             0.04273,           0.0080717,                   0,           0.0031794,           0.0031794,           0.0031794
                  15,            0.033196,            0.015534,                   0,             0.73431,             0.66614,             0.72656,             0.39046,            0.041672,           0.0080372,                   0,           0.0031761,           0.0031761,           0.0031761
                  16,            0.032988,             0.01537,                   0,             0.73102,             0.65983,             0.72032,             0.38995,            0.041293,           0.0080585,                   0,           0.0031726,           0.0031726,           0.0031726
                  17,            0.032354,            0.014963,                   0,             0.82439,              0.6188,             0.72853,             0.38438,            0.042612,           0.0079195,                   0,           0.0031688,           0.0031688,           0.0031688
                  18,            0.032053,            0.014729,                   0,             0.78284,             0.67863,              0.7547,             0.41225,             0.04133,           0.0076777,                   0,           0.0031648,           0.0031648,           0.0031648
                  19,            0.031732,            0.014736,                   0,             0.75778,             0.70427,             0.74159,             0.39667,            0.039649,            0.007945,                   0,           0.0031606,           0.0031606,           0.0031606
                  20,            0.031882,             0.01437,                   0,             0.75311,             0.70598,             0.74577,             0.42167,            0.041492,            0.007589,                   0,           0.0031561,           0.0031561,           0.0031561
                  21,            0.031841,            0.014648,                   0,             0.81744,              0.6359,             0.74536,              0.4105,            0.040904,           0.0076255,                   0,           0.0031513,           0.0031513,           0.0031513
                  22,            0.030661,            0.014573,                   0,             0.77832,             0.67863,             0.74953,             0.41982,            0.040441,            0.007525,                   0,           0.0031464,           0.0031464,           0.0031464
                  23,            0.030296,            0.014453,                   0,             0.80238,             0.68712,              0.7568,             0.43562,            0.040281,           0.0077007,                   0,           0.0031412,           0.0031412,           0.0031412
                  24,            0.029955,            0.014068,                   0,             0.79063,             0.70769,             0.76986,             0.43953,            0.039939,            0.007462,                   0,           0.0031357,           0.0031357,           0.0031357
                  25,            0.030133,            0.014175,                   0,              0.8106,             0.72479,             0.79354,             0.43924,            0.038582,           0.0073956,                   0,           0.0031301,           0.0031301,           0.0031301
                  26,            0.029713,            0.014293,                   0,             0.77333,             0.74701,             0.78915,             0.42622,            0.039307,           0.0074521,                   0,           0.0031242,           0.0031242,           0.0031242
                  27,            0.029409,            0.013997,                   0,             0.77474,             0.71282,              0.7679,             0.43972,            0.039855,           0.0074632,                   0,            0.003118,            0.003118,            0.003118
                  28,            0.029135,            0.013813,                   0,              0.8274,             0.69915,             0.78695,             0.44775,            0.038141,           0.0075515,                   0,           0.0031117,           0.0031117,           0.0031117
                  29,            0.029404,            0.013495,                   0,             0.83267,             0.70769,             0.78266,             0.44784,            0.039216,           0.0074496,                   0,           0.0031051,           0.0031051,           0.0031051
                  30,            0.029373,            0.014104,                   0,             0.81332,             0.70752,             0.78466,             0.44817,            0.039247,           0.0073354,                   0,           0.0030983,           0.0030983,           0.0030983
                  31,            0.028977,            0.013591,                   0,             0.81756,             0.72991,             0.79227,             0.45049,            0.039471,           0.0074474,                   0,           0.0030912,           0.0030912,           0.0030912
                  32,            0.028449,            0.013672,                   0,             0.84175,             0.70923,             0.79473,             0.46321,            0.038798,           0.0073554,                   0,           0.0030839,           0.0030839,           0.0030839
                  33,            0.028691,             0.01356,                   0,             0.79833,             0.69915,             0.77241,             0.43039,            0.040166,           0.0074355,                   0,           0.0030764,           0.0030764,           0.0030764
                  34,            0.028098,            0.013355,                   0,             0.83736,             0.69525,             0.78225,             0.42694,            0.039648,           0.0075223,                   0,           0.0030687,           0.0030687,           0.0030687
                  35,             0.02779,            0.013091,                   0,             0.77831,             0.77436,             0.81503,             0.45935,            0.038707,           0.0070557,                   0,           0.0030608,           0.0030608,           0.0030608
                  36,            0.028122,            0.013266,                   0,              0.8252,             0.72627,             0.80025,              0.4636,            0.038674,           0.0072625,                   0,           0.0030526,           0.0030526,           0.0030526
                  37,            0.027673,            0.013226,                   0,             0.80851,             0.74359,              0.7929,             0.42649,            0.039198,           0.0073903,                   0,           0.0030442,           0.0030442,           0.0030442
                  38,            0.026938,            0.013322,                   0,             0.87268,             0.73846,             0.82019,             0.46879,            0.038101,           0.0071376,                   0,           0.0030356,           0.0030356,           0.0030356
                  39,            0.027396,            0.013174,                   0,             0.76929,             0.75385,             0.80262,             0.46721,            0.038774,           0.0073035,                   0,           0.0030268,           0.0030268,           0.0030268
                  40,            0.027102,             0.01308,                   0,             0.81093,             0.74188,             0.79989,             0.45905,            0.038911,           0.0074289,                   0,           0.0030177,           0.0030177,           0.0030177
                  41,            0.027487,            0.012923,                   0,              0.8434,              0.7094,             0.81241,             0.47177,            0.038826,           0.0072099,                   0,           0.0030085,           0.0030085,           0.0030085
                  42,            0.027295,            0.013185,                   0,             0.84878,             0.71962,             0.80662,             0.47225,            0.038159,           0.0072322,                   0,            0.002999,            0.002999,            0.002999
                  43,            0.027288,            0.012902,                   0,             0.84871,             0.71966,             0.79929,             0.45925,            0.038677,           0.0074218,                   0,           0.0029894,           0.0029894,           0.0029894
                  44,            0.026857,            0.013134,                   0,             0.85245,             0.72308,             0.80315,             0.46507,            0.038335,           0.0072671,                   0,           0.0029795,           0.0029795,           0.0029795
                  45,             0.02647,             0.01236,                   0,             0.83589,             0.72308,             0.79989,             0.45841,            0.039094,           0.0073748,                   0,           0.0029694,           0.0029694,           0.0029694
                  46,             0.02672,            0.012671,                   0,               0.873,             0.68205,             0.78982,             0.46928,            0.038627,             0.00722,                   0,           0.0029591,           0.0029591,           0.0029591
                  47,            0.025789,            0.012466,                   0,             0.83894,             0.71282,             0.80276,              0.4435,            0.038274,           0.0073436,                   0,           0.0029486,           0.0029486,           0.0029486
                  48,            0.027072,            0.012668,                   0,              0.8298,             0.74173,             0.81263,             0.47229,            0.037749,           0.0071506,                   0,           0.0029379,           0.0029379,           0.0029379
                  49,            0.025686,            0.012724,                   0,             0.87729,             0.72107,             0.81531,             0.46683,            0.037536,           0.0072517,                   0,            0.002927,            0.002927,            0.002927
                  50,            0.025563,            0.012489,                   0,             0.83534,             0.71111,              0.7887,             0.44281,            0.039713,           0.0075133,                   0,           0.0029159,           0.0029159,           0.0029159
                  51,            0.025932,            0.012371,                   0,              0.8588,             0.75897,             0.82613,             0.44564,            0.037906,           0.0074784,                   0,           0.0029046,           0.0029046,           0.0029046
                  52,            0.025768,            0.012334,                   0,             0.80516,              0.7453,             0.80725,             0.46087,             0.03846,           0.0074169,                   0,           0.0028931,           0.0028931,           0.0028931
                  53,            0.025491,            0.012472,                   0,             0.84913,             0.73116,             0.80845,               0.466,            0.038068,           0.0075462,                   0,           0.0028814,           0.0028814,           0.0028814
                  54,            0.025089,            0.012088,                   0,             0.83433,             0.77094,             0.82125,             0.48398,            0.037722,             0.00723,                   0,           0.0028696,           0.0028696,           0.0028696
                  55,             0.02564,            0.012225,                   0,             0.85543,              0.7485,             0.81561,             0.46544,            0.038027,           0.0073289,                   0,           0.0028575,           0.0028575,           0.0028575
                  56,            0.025222,            0.012217,                   0,             0.83392,             0.75556,             0.80841,             0.47309,            0.038112,           0.0073627,                   0,           0.0028453,           0.0028453,           0.0028453
                  57,              0.0247,            0.012331,                   0,             0.84241,             0.74015,             0.82085,             0.48088,            0.038054,           0.0070597,                   0,           0.0028328,           0.0028328,           0.0028328
                  58,            0.025082,            0.012201,                   0,             0.82105,             0.76923,             0.81605,             0.48093,            0.038287,           0.0070772,                   0,           0.0028202,           0.0028202,           0.0028202
                  59,             0.02437,            0.012123,                   0,             0.83601,             0.74188,             0.80096,             0.45746,            0.038562,           0.0074791,                   0,           0.0028075,           0.0028075,           0.0028075
                  60,            0.024497,            0.011951,                   0,             0.88934,             0.74183,             0.82953,             0.47279,            0.038422,           0.0072966,                   0,           0.0027945,           0.0027945,           0.0027945
                  61,            0.024615,            0.011917,                   0,             0.86374,             0.75897,             0.82873,             0.48602,            0.037965,           0.0073704,                   0,           0.0027814,           0.0027814,           0.0027814
                  62,            0.024798,            0.011789,                   0,             0.81981,             0.75556,              0.8138,             0.47476,            0.037367,           0.0074265,                   0,            0.002768,            0.002768,            0.002768
                  63,            0.024783,            0.011811,                   0,             0.79341,             0.74182,             0.80572,             0.48269,            0.037726,           0.0074417,                   0,           0.0027546,           0.0027546,           0.0027546
                  64,            0.024595,            0.012006,                   0,             0.80341,             0.75556,             0.80723,             0.47806,            0.038496,           0.0071036,                   0,           0.0027409,           0.0027409,           0.0027409
                  65,            0.024024,            0.011952,                   0,             0.85086,             0.73144,             0.81171,             0.47607,             0.03776,            0.007514,                   0,           0.0027271,           0.0027271,           0.0027271
                  66,            0.024547,            0.011949,                   0,             0.81675,             0.75726,             0.81449,             0.48597,            0.038637,           0.0073806,                   0,           0.0027131,           0.0027131,           0.0027131
                  67,            0.024354,            0.012043,                   0,             0.83935,             0.71453,             0.79943,             0.46419,            0.038168,           0.0075815,                   0,            0.002699,            0.002699,            0.002699
                  68,            0.024092,            0.011485,                   0,             0.83995,             0.71795,             0.80896,             0.48061,            0.037893,           0.0075256,                   0,           0.0026847,           0.0026847,           0.0026847
                  69,            0.023632,             0.01164,                   0,             0.80706,             0.77265,             0.81629,             0.49353,            0.037553,           0.0073378,                   0,           0.0026702,           0.0026702,           0.0026702
                  70,            0.023538,            0.011602,                   0,             0.85814,             0.75556,             0.81663,             0.49405,            0.037685,           0.0072165,                   0,           0.0026556,           0.0026556,           0.0026556
                  71,            0.023319,            0.011439,                   0,             0.90548,             0.70416,             0.82239,             0.48869,            0.038269,           0.0076437,                   0,           0.0026409,           0.0026409,           0.0026409
                  72,            0.023408,             0.01166,                   0,             0.88054,             0.74359,             0.83798,             0.49619,            0.038047,           0.0071169,                   0,            0.002626,            0.002626,            0.002626
                  73,            0.023293,            0.011644,                   0,             0.83013,             0.76923,             0.82485,             0.47158,            0.038085,           0.0073964,                   0,           0.0026109,           0.0026109,           0.0026109
                  74,            0.023504,            0.011686,                   0,             0.84913,             0.75041,             0.82975,              0.4981,            0.037264,           0.0070884,                   0,           0.0025958,           0.0025958,           0.0025958
                  75,            0.023098,            0.011491,                   0,             0.82966,             0.75897,             0.81097,             0.47176,            0.037658,           0.0073798,                   0,           0.0025804,           0.0025804,           0.0025804
                  76,            0.023047,            0.011468,                   0,              0.8364,             0.74359,             0.79809,              0.4665,             0.03772,           0.0075809,                   0,            0.002565,            0.002565,            0.002565
                  77,            0.023146,            0.011606,                   0,             0.83717,             0.76581,             0.80835,             0.48429,            0.038317,           0.0074872,                   0,           0.0025494,           0.0025494,           0.0025494
                  78,            0.023214,            0.011593,                   0,             0.85572,             0.75043,             0.81376,             0.48481,            0.037862,           0.0073074,                   0,           0.0025336,           0.0025336,           0.0025336
                  79,            0.022919,            0.011451,                   0,             0.86252,             0.74017,             0.81223,             0.47819,            0.037944,           0.0075653,                   0,           0.0025178,           0.0025178,           0.0025178
                  80,            0.022813,            0.011257,                   0,             0.88506,             0.71111,             0.81501,             0.48484,            0.036985,           0.0073547,                   0,           0.0025018,           0.0025018,           0.0025018
                  81,            0.023064,            0.011479,                   0,             0.87706,             0.74872,             0.83081,             0.49039,            0.038019,           0.0073771,                   0,           0.0024857,           0.0024857,           0.0024857
                  82,            0.023239,            0.011133,                   0,             0.82558,              0.7453,             0.82436,             0.48822,            0.037161,           0.0074651,                   0,           0.0024694,           0.0024694,           0.0024694
                  83,            0.022691,            0.011368,                   0,             0.88734,             0.72821,             0.82613,             0.49977,            0.036832,           0.0075345,                   0,           0.0024531,           0.0024531,           0.0024531
                  84,            0.022056,            0.011139,                   0,              0.8781,             0.71416,             0.82421,              0.4926,            0.037231,           0.0073677,                   0,           0.0024366,           0.0024366,           0.0024366
                  85,            0.022303,             0.01127,                   0,             0.84218,             0.75726,             0.82839,              0.5055,            0.036874,           0.0073228,                   0,             0.00242,             0.00242,             0.00242
                  86,            0.021973,            0.011088,                   0,             0.82824,             0.76661,             0.82503,             0.49827,            0.037877,           0.0073903,                   0,           0.0024033,           0.0024033,           0.0024033
                  87,            0.022864,             0.01111,                   0,             0.90468,             0.73162,             0.84253,             0.50681,             0.03737,           0.0071485,                   0,           0.0023865,           0.0023865,           0.0023865
                  88,            0.022325,            0.011119,                   0,             0.81521,             0.77778,             0.83001,             0.48358,            0.037121,           0.0073014,                   0,           0.0023696,           0.0023696,           0.0023696
                  89,            0.022275,            0.011229,                   0,             0.87089,             0.72642,             0.83517,             0.49619,            0.036927,           0.0073567,                   0,           0.0023526,           0.0023526,           0.0023526
                  90,             0.02222,            0.011104,                   0,             0.82867,             0.76892,             0.82951,             0.49758,            0.036874,           0.0074198,                   0,           0.0023355,           0.0023355,           0.0023355
                  91,            0.022081,            0.011163,                   0,             0.84256,             0.75013,             0.83013,             0.50537,            0.036703,           0.0073767,                   0,           0.0023184,           0.0023184,           0.0023184
                  92,            0.021943,            0.011075,                   0,             0.83429,             0.78462,             0.82822,             0.48916,            0.036645,           0.0073199,                   0,           0.0023011,           0.0023011,           0.0023011
                  93,            0.022052,            0.010837,                   0,             0.86766,             0.78452,             0.84961,             0.51666,            0.036479,           0.0072985,                   0,           0.0022837,           0.0022837,           0.0022837
                  94,            0.021348,            0.010839,                   0,             0.87849,             0.75384,             0.83799,             0.48982,            0.036912,           0.0074142,                   0,           0.0022662,           0.0022662,           0.0022662
                  95,            0.021846,             0.01087,                   0,             0.85741,             0.78116,             0.84453,             0.51036,            0.037319,           0.0071162,                   0,           0.0022487,           0.0022487,           0.0022487
                  96,            0.021776,            0.011163,                   0,             0.85249,              0.7812,             0.83786,             0.50353,            0.037418,           0.0072072,                   0,           0.0022311,           0.0022311,           0.0022311
                  97,            0.021347,            0.010491,                   0,             0.81613,             0.79145,             0.83659,             0.49667,            0.037605,           0.0072586,                   0,           0.0022134,           0.0022134,           0.0022134
                  98,            0.021468,            0.010821,                   0,             0.88467,             0.76052,             0.84624,             0.51226,            0.037185,            0.007423,                   0,           0.0021956,           0.0021956,           0.0021956
                  99,            0.021718,            0.010818,                   0,             0.86649,             0.75556,             0.83123,             0.51559,            0.037706,           0.0075754,                   0,           0.0021778,           0.0021778,           0.0021778
                 100,             0.02172,            0.010577,                   0,             0.84846,             0.76568,             0.83022,             0.50995,            0.037509,           0.0073578,                   0,           0.0021599,           0.0021599,           0.0021599
                 101,            0.020784,            0.010804,                   0,             0.85126,             0.78266,             0.83693,             0.50907,            0.036897,           0.0074241,                   0,           0.0021419,           0.0021419,           0.0021419
                 102,            0.021214,            0.010722,                   0,             0.87032,             0.76862,             0.84592,             0.51571,            0.037107,           0.0074813,                   0,           0.0021239,           0.0021239,           0.0021239
                 103,            0.021364,            0.010576,                   0,             0.85241,             0.77094,             0.83563,             0.50412,            0.038306,           0.0073062,                   0,           0.0021058,           0.0021058,           0.0021058
                 104,             0.02101,            0.010446,                   0,             0.87492,             0.76752,             0.84123,             0.51119,            0.038166,           0.0073068,                   0,           0.0020876,           0.0020876,           0.0020876
                 105,            0.021182,            0.011085,                   0,             0.84605,             0.79145,              0.8529,             0.51766,            0.038149,            0.007231,                   0,           0.0020694,           0.0020694,           0.0020694
                 106,            0.021072,            0.010644,                   0,              0.8949,             0.72821,             0.83336,             0.50808,            0.037882,            0.007613,                   0,           0.0020512,           0.0020512,           0.0020512
                 107,            0.020758,            0.010673,                   0,             0.84433,             0.77949,             0.83677,             0.50489,             0.03755,           0.0074385,                   0,           0.0020329,           0.0020329,           0.0020329
                 108,            0.021036,            0.010443,                   0,             0.83994,             0.78974,             0.83197,             0.50557,            0.038416,           0.0073298,                   0,           0.0020146,           0.0020146,           0.0020146
                 109,            0.020622,            0.010569,                   0,             0.86897,             0.77086,              0.8362,             0.49735,            0.037962,           0.0073557,                   0,           0.0019962,           0.0019962,           0.0019962
                 110,            0.020833,            0.010728,                   0,             0.83853,             0.78119,             0.83022,             0.48899,            0.038037,           0.0075672,                   0,           0.0019778,           0.0019778,           0.0019778
                 111,            0.020968,            0.010259,                   0,             0.85596,             0.76239,             0.83112,             0.51047,            0.038271,            0.007611,                   0,           0.0019594,           0.0019594,           0.0019594
                 112,            0.020731,            0.010491,                   0,             0.86526,              0.7794,             0.84587,             0.51718,            0.037727,           0.0073517,                   0,           0.0019409,           0.0019409,           0.0019409
                 113,            0.020457,            0.010492,                   0,             0.85789,             0.78462,             0.83117,             0.50946,            0.038105,           0.0075368,                   0,           0.0019224,           0.0019224,           0.0019224
                 114,            0.020557,            0.010427,                   0,             0.85641,             0.78632,              0.8443,             0.51015,            0.037362,            0.007474,                   0,           0.0019039,           0.0019039,           0.0019039
                 115,            0.020921,            0.010503,                   0,             0.84707,             0.76752,             0.82928,             0.50745,            0.037639,           0.0074455,                   0,           0.0018853,           0.0018853,           0.0018853
                 116,            0.020038,            0.010389,                   0,             0.82862,             0.78632,             0.83337,             0.51705,            0.037305,           0.0074221,                   0,           0.0018668,           0.0018668,           0.0018668
                 117,            0.020346,            0.010572,                   0,             0.87168,             0.78963,             0.84743,             0.52161,            0.037075,           0.0072896,                   0,           0.0018482,           0.0018482,           0.0018482
                 118,             0.02001,            0.010519,                   0,             0.86214,             0.77094,             0.83468,             0.51787,            0.037139,           0.0075233,                   0,           0.0018296,           0.0018296,           0.0018296
                 119,             0.01964,            0.010209,                   0,             0.87153,             0.76537,             0.83875,             0.51488,            0.037023,           0.0073948,                   0,           0.0018111,           0.0018111,           0.0018111
                 120,            0.020343,            0.010273,                   0,             0.87561,             0.77094,             0.84001,             0.51412,            0.036588,           0.0075844,                   0,           0.0017925,           0.0017925,           0.0017925
                 121,            0.019769,            0.010381,                   0,             0.89019,             0.77599,              0.8417,             0.52877,            0.036856,           0.0074287,                   0,           0.0017739,           0.0017739,           0.0017739
                 122,            0.020563,            0.010243,                   0,             0.89047,             0.77949,             0.84477,              0.5185,            0.037343,           0.0076224,                   0,           0.0017553,           0.0017553,           0.0017553
                 123,            0.020081,            0.010411,                   0,             0.88845,               0.776,             0.84889,             0.51446,            0.037155,           0.0075322,                   0,           0.0017367,           0.0017367,           0.0017367
                 124,            0.019689,            0.010311,                   0,              0.8743,             0.76239,             0.85435,              0.5237,            0.036462,           0.0073446,                   0,           0.0017182,           0.0017182,           0.0017182
                 125,             0.01998,            0.010008,                   0,             0.87679,             0.75556,             0.83895,             0.52367,             0.03753,           0.0077299,                   0,           0.0016996,           0.0016996,           0.0016996
                 126,            0.019657,            0.010142,                   0,             0.86848,             0.76923,             0.83921,             0.51877,             0.03725,           0.0076522,                   0,           0.0016811,           0.0016811,           0.0016811
                 127,            0.019817,            0.010211,                   0,             0.88495,              0.7641,             0.84807,             0.51884,            0.037157,           0.0074761,                   0,           0.0016626,           0.0016626,           0.0016626
                 128,            0.019598,           0.0099182,                   0,             0.87474,             0.76398,              0.8417,             0.51731,              0.0372,           0.0073837,                   0,           0.0016441,           0.0016441,           0.0016441
                 129,            0.020083,            0.010218,                   0,             0.86539,             0.79124,             0.85031,             0.51994,             0.03688,           0.0074389,                   0,           0.0016256,           0.0016256,           0.0016256
                 130,            0.019665,            0.010305,                   0,               0.863,             0.78607,             0.84464,             0.52555,            0.036853,           0.0074482,                   0,           0.0016072,           0.0016072,           0.0016072
                 131,            0.019684,            0.010018,                   0,             0.82626,             0.79487,             0.83648,             0.52632,            0.037084,           0.0075944,                   0,           0.0015887,           0.0015887,           0.0015887
                 132,            0.019319,            0.010239,                   0,             0.87101,             0.77436,             0.84119,             0.52782,            0.036894,           0.0076594,                   0,           0.0015704,           0.0015704,           0.0015704
                 133,            0.019395,            0.010166,                   0,             0.88537,             0.75385,             0.83314,             0.52324,             0.03716,           0.0076821,                   0,            0.001552,            0.001552,            0.001552
                 134,            0.019206,            0.010176,                   0,             0.86358,              0.7812,             0.84711,             0.52202,            0.036885,           0.0075591,                   0,           0.0015337,           0.0015337,           0.0015337
                 135,            0.019177,           0.0099058,                   0,             0.86408,             0.77265,             0.84254,             0.52106,            0.037499,           0.0076275,                   0,           0.0015155,           0.0015155,           0.0015155
                 136,            0.019331,             0.01012,                   0,             0.92003,             0.72821,             0.83572,             0.51745,            0.037672,           0.0076446,                   0,           0.0014973,           0.0014973,           0.0014973
                 137,             0.01935,           0.0099157,                   0,             0.87675,             0.74359,             0.83647,             0.52093,            0.037598,           0.0075056,                   0,           0.0014792,           0.0014792,           0.0014792
                 138,            0.018832,           0.0099493,                   0,             0.87785,             0.76239,             0.84049,             0.52609,            0.037385,           0.0074938,                   0,           0.0014611,           0.0014611,           0.0014611
                 139,            0.018905,           0.0096844,                   0,             0.88163,             0.75385,             0.83987,             0.52439,            0.036912,           0.0076284,                   0,            0.001443,            0.001443,            0.001443
                 140,            0.018647,           0.0097081,                   0,             0.86622,              0.7641,             0.83747,             0.52792,            0.036166,           0.0076635,                   0,           0.0014251,           0.0014251,           0.0014251
                 141,            0.018742,           0.0097709,                   0,             0.89405,             0.76581,             0.83807,             0.51855,             0.03712,           0.0077309,                   0,           0.0014071,           0.0014071,           0.0014071
                 142,            0.018825,           0.0096487,                   0,             0.87217,             0.76068,             0.83867,             0.52376,            0.037414,           0.0078904,                   0,           0.0013893,           0.0013893,           0.0013893
                 143,            0.018378,           0.0097593,                   0,             0.85408,             0.78041,             0.83925,             0.52058,            0.037358,           0.0078613,                   0,           0.0013715,           0.0013715,           0.0013715
                 144,            0.018907,           0.0096721,                   0,             0.88582,             0.76917,             0.84308,             0.52575,             0.03719,           0.0078698,                   0,           0.0013538,           0.0013538,           0.0013538
                 145,            0.019018,           0.0096385,                   0,             0.86717,             0.78116,             0.84134,             0.51784,            0.037482,           0.0077538,                   0,           0.0013362,           0.0013362,           0.0013362
                 146,            0.018587,           0.0098865,                   0,             0.87646,             0.75188,             0.83914,             0.52352,            0.037327,           0.0076897,                   0,           0.0013187,           0.0013187,           0.0013187
                 147,             0.01865,           0.0097752,                   0,             0.85234,             0.78974,             0.84405,             0.52332,            0.037368,           0.0077543,                   0,           0.0013012,           0.0013012,           0.0013012
                 148,            0.018389,           0.0097516,                   0,             0.85189,             0.79637,             0.84371,             0.52976,            0.036769,            0.007591,                   0,           0.0012838,           0.0012838,           0.0012838
                 149,            0.018551,           0.0099405,                   0,             0.88264,             0.75897,             0.83561,             0.52992,            0.037032,           0.0077559,                   0,           0.0012665,           0.0012665,           0.0012665
                 150,            0.018528,           0.0095803,                   0,             0.87813,             0.77595,             0.84406,             0.53013,            0.036931,           0.0076607,                   0,           0.0012493,           0.0012493,           0.0012493
                 151,            0.018397,           0.0095952,                   0,             0.90795,             0.74187,             0.84331,             0.51575,            0.037216,           0.0079923,                   0,           0.0012322,           0.0012322,           0.0012322
                 152,            0.018508,           0.0096814,                   0,              0.8706,             0.77094,             0.83693,             0.51785,            0.036942,           0.0078226,                   0,           0.0012152,           0.0012152,           0.0012152
                 153,            0.018538,            0.009542,                   0,             0.85271,             0.77265,             0.83791,             0.52604,            0.036531,           0.0077988,                   0,           0.0011983,           0.0011983,           0.0011983
                 154,            0.018353,           0.0095783,                   0,             0.88805,             0.76068,             0.84233,             0.51904,            0.037109,             0.00771,                   0,           0.0011815,           0.0011815,           0.0011815
                 155,            0.018277,           0.0095292,                   0,              0.8828,             0.77254,             0.84385,             0.52212,            0.037184,           0.0077658,                   0,           0.0011648,           0.0011648,           0.0011648
                 156,            0.017889,           0.0096667,                   0,              0.8558,             0.79132,             0.84732,             0.52465,            0.037485,            0.007754,                   0,           0.0011482,           0.0011482,           0.0011482
                 157,            0.017844,           0.0095373,                   0,             0.87194,             0.78462,              0.8441,             0.53053,            0.037017,           0.0076082,                   0,           0.0011318,           0.0011318,           0.0011318
                 158,            0.018377,           0.0095608,                   0,               0.863,             0.78607,             0.84219,              0.5179,            0.036901,           0.0078241,                   0,           0.0011154,           0.0011154,           0.0011154
                 159,            0.018372,           0.0095295,                   0,             0.85355,             0.76923,             0.83689,             0.51597,            0.036727,           0.0079072,                   0,           0.0010992,           0.0010992,           0.0010992
                 160,            0.018102,            0.009548,                   0,             0.86804,             0.76581,             0.83223,             0.51914,            0.037028,           0.0079223,                   0,           0.0010831,           0.0010831,           0.0010831
                 161,            0.017635,            0.009488,                   0,              0.9077,             0.74188,             0.83783,             0.52176,            0.036883,           0.0078382,                   0,           0.0010671,           0.0010671,           0.0010671
                 162,            0.018289,           0.0092163,                   0,             0.86512,              0.7675,              0.8342,             0.51524,            0.036802,           0.0079143,                   0,           0.0010512,           0.0010512,           0.0010512
                 163,            0.017958,           0.0095012,                   0,             0.86439,             0.77436,             0.83234,             0.51735,            0.037617,           0.0078171,                   0,           0.0010354,           0.0010354,           0.0010354
                 164,            0.017882,           0.0094627,                   0,             0.84984,             0.77436,             0.83025,             0.52091,            0.037717,           0.0078396,                   0,           0.0010198,           0.0010198,           0.0010198
                 165,            0.017928,            0.009596,                   0,             0.85439,              0.7641,             0.83879,             0.51961,            0.036979,           0.0079205,                   0,           0.0010044,           0.0010044,           0.0010044
                 166,            0.017555,           0.0093807,                   0,             0.91444,             0.73162,             0.84249,             0.51851,            0.037006,           0.0078278,                   0,          0.00098903,          0.00098903,          0.00098903
                 167,            0.017859,           0.0094929,                   0,             0.87283,             0.75214,             0.83518,             0.51876,            0.036966,           0.0077631,                   0,          0.00097383,          0.00097383,          0.00097383
                 168,             0.01752,           0.0093804,                   0,             0.89543,             0.74701,             0.83739,             0.51691,             0.03724,           0.0078706,                   0,          0.00095878,          0.00095878,          0.00095878
                 169,            0.017535,           0.0094435,                   0,             0.89852,             0.74359,             0.83953,             0.51599,            0.037318,           0.0079081,                   0,          0.00094387,          0.00094387,          0.00094387
                 170,            0.017163,           0.0092851,                   0,               0.846,             0.77943,             0.84087,             0.52024,            0.037573,           0.0079459,                   0,          0.00092911,          0.00092911,          0.00092911
                 171,            0.017777,           0.0095047,                   0,             0.84831,             0.77436,             0.84128,             0.52045,            0.037437,           0.0078812,                   0,           0.0009145,           0.0009145,           0.0009145
                 172,            0.017465,           0.0091335,                   0,             0.89452,             0.74188,             0.84061,             0.51993,            0.037642,           0.0079387,                   0,          0.00090004,          0.00090004,          0.00090004
                 173,            0.017255,           0.0092061,                   0,             0.85764,             0.78265,             0.84179,             0.52017,            0.037542,           0.0079706,                   0,          0.00088574,          0.00088574,          0.00088574
                 174,             0.01737,           0.0091824,                   0,             0.90435,             0.74359,             0.83875,             0.52309,            0.037519,            0.008022,                   0,          0.00087159,          0.00087159,          0.00087159
                 175,            0.016867,           0.0090778,                   0,             0.85261,             0.78291,              0.8358,             0.51811,            0.037522,           0.0080418,                   0,          0.00085761,          0.00085761,          0.00085761
                 176,             0.01694,           0.0091704,                   0,             0.85325,             0.78632,             0.84445,             0.51853,            0.037278,           0.0079564,                   0,          0.00084379,          0.00084379,          0.00084379
                 177,            0.017323,           0.0092897,                   0,             0.87022,             0.77945,             0.84936,             0.52173,            0.036952,           0.0079574,                   0,          0.00083013,          0.00083013,          0.00083013
                 178,            0.017055,           0.0091093,                   0,             0.89568,             0.74872,             0.83928,             0.52802,            0.037009,            0.008015,                   0,          0.00081664,          0.00081664,          0.00081664
                 179,            0.017273,           0.0092255,                   0,             0.86501,             0.77771,             0.84014,             0.52306,            0.037115,           0.0080325,                   0,          0.00080333,          0.00080333,          0.00080333
                 180,            0.017258,           0.0092093,                   0,             0.88575,             0.75543,             0.83682,             0.52299,            0.037077,           0.0081274,                   0,          0.00079018,          0.00079018,          0.00079018
                 181,            0.017007,           0.0091388,                   0,             0.88376,             0.76752,             0.84609,             0.53106,            0.036934,           0.0079712,                   0,          0.00077721,          0.00077721,          0.00077721
                 182,            0.016893,           0.0090302,                   0,             0.87394,             0.77265,             0.84535,             0.53117,            0.037011,           0.0078438,                   0,          0.00076441,          0.00076441,          0.00076441
                 183,            0.017151,           0.0091305,                   0,              0.8598,             0.78621,             0.84353,             0.52782,            0.037326,           0.0078783,                   0,           0.0007518,           0.0007518,           0.0007518
                 184,             0.01697,           0.0092188,                   0,             0.88984,             0.76239,             0.84412,               0.531,            0.037405,           0.0079116,                   0,          0.00073936,          0.00073936,          0.00073936
                 185,            0.016838,           0.0090444,                   0,             0.85661,             0.78631,             0.83898,             0.52874,            0.037335,           0.0079942,                   0,          0.00072711,          0.00072711,          0.00072711
                 186,            0.016646,             0.00905,                   0,             0.87327,             0.76565,             0.83542,             0.53299,            0.037309,           0.0080317,                   0,          0.00071504,          0.00071504,          0.00071504
                 187,            0.017033,           0.0089728,                   0,              0.8664,             0.77597,             0.83739,              0.5275,            0.037359,           0.0080925,                   0,          0.00070317,          0.00070317,          0.00070317
                 188,            0.016629,           0.0091731,                   0,             0.87408,             0.77265,             0.84112,             0.52633,            0.037354,           0.0080709,                   0,          0.00069148,          0.00069148,          0.00069148
                 189,            0.016782,           0.0091518,                   0,             0.88165,             0.76406,             0.83706,             0.52884,            0.037448,           0.0079764,                   0,          0.00067998,          0.00067998,          0.00067998
                 190,            0.016854,           0.0090816,                   0,             0.87326,             0.77778,             0.84328,             0.52987,            0.037226,           0.0079982,                   0,          0.00066868,          0.00066868,          0.00066868
                 191,            0.016802,           0.0090979,                   0,             0.87353,             0.77949,             0.84649,             0.53355,             0.03706,           0.0080058,                   0,          0.00065757,          0.00065757,          0.00065757
                 192,            0.017119,            0.009201,                   0,               0.886,             0.77057,             0.84583,             0.53274,             0.03696,           0.0081004,                   0,          0.00064666,          0.00064666,          0.00064666
                 193,            0.016941,           0.0091376,                   0,             0.87966,              0.7641,             0.84169,             0.52807,            0.037132,           0.0081996,                   0,          0.00063595,          0.00063595,          0.00063595
                 194,            0.016362,           0.0086285,                   0,             0.89851,             0.74359,             0.83774,             0.53014,            0.037252,           0.0081739,                   0,          0.00062544,          0.00062544,          0.00062544
                 195,            0.016686,           0.0091531,                   0,             0.86234,             0.77436,             0.83848,             0.53049,            0.037122,           0.0081467,                   0,          0.00061514,          0.00061514,          0.00061514
                 196,            0.016753,           0.0088015,                   0,             0.90288,             0.75043,             0.84004,             0.53289,            0.037193,           0.0080962,                   0,          0.00060504,          0.00060504,          0.00060504
                 197,            0.016614,           0.0089288,                   0,             0.89836,             0.75556,             0.84201,             0.53384,             0.03705,             0.00811,                   0,          0.00059515,          0.00059515,          0.00059515
                 198,             0.01647,           0.0091316,                   0,             0.88962,             0.77436,             0.83936,             0.52826,            0.036955,           0.0081648,                   0,          0.00058546,          0.00058546,          0.00058546
                 199,            0.016607,           0.0090901,                   0,             0.87614,             0.77436,             0.83855,             0.52766,            0.037083,           0.0082124,                   0,          0.00057599,          0.00057599,          0.00057599
                 200,            0.016471,           0.0089226,                   0,             0.88107,              0.7725,              0.8409,             0.53225,            0.037304,           0.0081903,                   0,          0.00056672,          0.00056672,          0.00056672
                 201,            0.016575,           0.0091036,                   0,             0.89729,             0.76239,             0.84556,             0.53085,            0.037426,           0.0082128,                   0,          0.00055767,          0.00055767,          0.00055767
                 202,            0.016118,           0.0088939,                   0,             0.89562,              0.7641,             0.84856,             0.53115,            0.037226,           0.0081547,                   0,          0.00054884,          0.00054884,          0.00054884
                 203,            0.016304,           0.0090425,                   0,             0.87304,             0.77607,              0.8451,             0.53447,            0.036963,           0.0081231,                   0,          0.00054022,          0.00054022,          0.00054022
                 204,            0.016139,           0.0088703,                   0,             0.88212,              0.7675,              0.8482,             0.53602,            0.036935,           0.0080752,                   0,          0.00053182,          0.00053182,          0.00053182
                 205,            0.016336,           0.0087873,                   0,             0.86996,             0.77766,             0.84753,             0.53349,            0.036981,           0.0080755,                   0,          0.00052364,          0.00052364,          0.00052364
                 206,             0.01638,            0.008831,                   0,             0.87059,             0.78291,             0.84562,             0.53316,            0.037189,           0.0080926,                   0,          0.00051568,          0.00051568,          0.00051568
                 207,            0.016259,           0.0090872,                   0,             0.86869,              0.7812,             0.84266,             0.53347,            0.037268,           0.0080635,                   0,          0.00050795,          0.00050795,          0.00050795
                 208,            0.016583,           0.0089055,                   0,             0.87591,             0.77223,              0.8416,             0.53597,            0.037187,           0.0081118,                   0,          0.00050043,          0.00050043,          0.00050043
                 209,            0.016806,           0.0089311,                   0,             0.86929,             0.77436,              0.8393,             0.53568,            0.037118,           0.0080873,                   0,          0.00049315,          0.00049315,          0.00049315
                 210,            0.016358,           0.0088212,                   0,             0.88431,             0.77092,             0.84039,             0.53427,            0.037134,           0.0080727,                   0,          0.00048609,          0.00048609,          0.00048609
                 211,            0.016277,           0.0087991,                   0,             0.87789,             0.77422,             0.84392,             0.53492,            0.037159,           0.0080717,                   0,          0.00047925,          0.00047925,          0.00047925
                 212,            0.016091,           0.0088242,                   0,             0.89194,             0.76239,             0.84316,             0.53292,            0.037168,           0.0081075,                   0,          0.00047265,          0.00047265,          0.00047265
                 213,            0.016025,           0.0086783,                   0,             0.90427,             0.75891,             0.84231,             0.53105,            0.037186,           0.0081543,                   0,          0.00046627,          0.00046627,          0.00046627
                 214,            0.015826,           0.0089291,                   0,               0.897,             0.76068,              0.8423,             0.53295,            0.037052,           0.0081562,                   0,          0.00046013,          0.00046013,          0.00046013
                 215,            0.015839,            0.008632,                   0,             0.89909,              0.7641,             0.84135,             0.53448,             0.03706,           0.0081408,                   0,          0.00045421,          0.00045421,          0.00045421
                 216,            0.016237,           0.0087675,                   0,             0.89041,              0.7639,             0.84096,             0.53529,            0.037074,           0.0081377,                   0,          0.00044854,          0.00044854,          0.00044854
                 217,            0.015819,           0.0085196,                   0,             0.89291,             0.75726,             0.83971,             0.53761,            0.036972,           0.0081329,                   0,          0.00044309,          0.00044309,          0.00044309
                 218,            0.015988,           0.0087588,                   0,             0.87963,              0.7641,             0.84225,             0.53565,            0.036901,           0.0081262,                   0,          0.00043788,          0.00043788,          0.00043788
                 219,            0.015938,           0.0086921,                   0,             0.89157,             0.75897,             0.84394,             0.53655,            0.036836,           0.0081411,                   0,          0.00043291,          0.00043291,          0.00043291
                 220,            0.016247,           0.0088538,                   0,             0.86004,             0.78783,             0.84589,             0.53878,             0.03675,           0.0081448,                   0,          0.00042817,          0.00042817,          0.00042817
                 221,            0.015959,           0.0088838,                   0,              0.8709,             0.77261,             0.84206,             0.54026,            0.036812,           0.0081769,                   0,          0.00042367,          0.00042367,          0.00042367
                 222,            0.015758,           0.0086965,                   0,             0.86168,             0.78802,             0.84271,             0.53563,            0.036879,           0.0082059,                   0,          0.00041941,          0.00041941,          0.00041941
                 223,            0.015803,           0.0086576,                   0,             0.87819,             0.76407,             0.83843,             0.53708,            0.036979,           0.0082286,                   0,          0.00041539,          0.00041539,          0.00041539
                 224,             0.01577,           0.0088175,                   0,             0.86951,             0.77607,             0.84141,             0.53625,            0.036949,           0.0082189,                   0,           0.0004116,           0.0004116,           0.0004116
                 225,            0.015532,           0.0086078,                   0,             0.88683,              0.7641,             0.84122,              0.5368,            0.036989,            0.008186,                   0,          0.00040806,          0.00040806,          0.00040806
                 226,            0.015813,           0.0085217,                   0,             0.88666,             0.76223,             0.84226,             0.53706,            0.036992,           0.0081453,                   0,          0.00040476,          0.00040476,          0.00040476
                 227,            0.015881,           0.0086595,                   0,             0.87061,             0.77066,             0.84275,             0.53554,            0.036918,           0.0081561,                   0,           0.0004017,           0.0004017,           0.0004017
                 228,            0.015949,           0.0087673,                   0,             0.86805,             0.77607,             0.84156,             0.53591,            0.037019,           0.0081682,                   0,          0.00039889,          0.00039889,          0.00039889
                 229,            0.016097,           0.0089427,                   0,             0.87189,             0.77947,             0.84159,             0.53734,            0.036975,           0.0081356,                   0,          0.00039631,          0.00039631,          0.00039631
                 230,            0.015936,           0.0086016,                   0,             0.86852,             0.77949,             0.84005,             0.53794,            0.037009,           0.0081492,                   0,          0.00039398,          0.00039398,          0.00039398
                 231,            0.016239,           0.0087531,                   0,             0.86063,             0.78114,             0.83798,             0.54002,            0.037071,           0.0082039,                   0,          0.00039189,          0.00039189,          0.00039189
                 232,            0.015776,           0.0088028,                   0,             0.87417,             0.77265,             0.83916,             0.53585,            0.037027,           0.0082043,                   0,          0.00039005,          0.00039005,          0.00039005
                 233,            0.016038,           0.0088451,                   0,             0.86523,             0.77949,             0.83923,             0.53252,            0.037082,           0.0082101,                   0,          0.00038845,          0.00038845,          0.00038845
                 234,            0.016011,           0.0087307,                   0,             0.86848,             0.77949,             0.83906,             0.53063,            0.037186,           0.0082285,                   0,           0.0003871,           0.0003871,           0.0003871
                 235,            0.016077,            0.008876,                   0,             0.87058,             0.77094,             0.83707,             0.53088,            0.037242,           0.0082213,                   0,          0.00038599,          0.00038599,          0.00038599
                 236,            0.015695,           0.0088337,                   0,             0.87573,             0.77093,             0.83877,              0.5333,            0.037297,           0.0082943,                   0,          0.00038512,          0.00038512,          0.00038512
                 237,            0.015326,           0.0086516,                   0,             0.87115,             0.77431,             0.83777,              0.5341,            0.037283,           0.0083424,                   0,           0.0003845,           0.0003845,           0.0003845
                 238,            0.016959,           0.0089453,                   0,             0.87721,             0.75717,             0.83605,             0.52284,             0.03793,           0.0084655,                   0,          0.00038413,          0.00038413,          0.00038413
                 239,             0.01739,           0.0091494,                   0,              0.9104,             0.74701,             0.83958,             0.52164,            0.037351,           0.0084298,                   0,            0.000384,            0.000384,            0.000384
